product_id,product_name,category,stock_on_hand,reorder_point,stock_status
405,Product_405,Books,63,62,"Sufficient Stock"
1142,Product_1142,"Home & Kitchen",66,61,"Sufficient Stock"
776,Product_776,Sports,72,55,"Sufficient Stock"
382,Product_382,Toys,75,67,"Sufficient Stock"
611,Product_611,"Office Supplies",77,63,"Sufficient Stock"
1094,Product_1094,Health,84,67,"Sufficient Stock"
789,Product_789,Sports,85,59,"Sufficient Stock"
236,Product_236,"Home & Kitchen",95,64,"Sufficient Stock"
305,Product_305,"Office Supplies",98,63,"Sufficient Stock"
1005,Product_1005,Electronics,107,92,"Sufficient Stock"
531,Product_531,Toys,107,84,"Sufficient Stock"
754,Product_754,Electronics,110,59,"Sufficient Stock"
792,Product_792,"Office Supplies",110,85,"Sufficient Stock"
266,Product_266,"Office Supplies",112,77,"Sufficient Stock"
1171,Product_1171,Electronics,112,67,"Sufficient Stock"
301,Product_301,Sports,115,52,"Sufficient Stock"
444,Product_444,Toys,115,79,"Sufficient Stock"
870,Product_870,"Office Supplies",117,73,"Sufficient Stock"
320,Product_320,Health,120,99,"Sufficient Stock"
129,Product_129,Electronics,121,84,"Sufficient Stock"
1126,Product_1126,Health,122,111,"Sufficient Stock"
391,Product_391,Electronics,123,76,"Sufficient Stock"
185,Product_185,Sports,124,123,"Sufficient Stock"
147,Product_147,Clothing,127,94,"Sufficient Stock"
631,Product_631,"Office Supplies",127,66,"Sufficient Stock"
1064,Product_1064,Health,134,111,"Sufficient Stock"
471,Product_471,"Office Supplies",134,65,"Sufficient Stock"
1153,Product_1153,Sports,135,76,"Sufficient Stock"
490,Product_490,Clothing,137,120,"Sufficient Stock"
144,Product_144,Health,140,83,"Sufficient Stock"
363,Product_363,Toys,140,134,"Sufficient Stock"
675,Product_675,Electronics,141,98,"Sufficient Stock"
1097,Product_1097,Health,143,68,"Sufficient Stock"
136,Product_136,Books,144,65,"Sufficient Stock"
419,Product_419,Books,145,89,"Sufficient Stock"
1141,Product_1141,"Home & Kitchen",146,106,"Sufficient Stock"
473,Product_473,Toys,146,110,"Sufficient Stock"
651,Product_651,Clothing,147,98,"Sufficient Stock"
252,Product_252,Electronics,149,59,"Sufficient Stock"
1043,Product_1043,"Office Supplies",154,104,"Sufficient Stock"
617,Product_617,Toys,155,96,"Sufficient Stock"
980,Product_980,Books,155,77,"Sufficient Stock"
476,Product_476,Health,158,129,"Sufficient Stock"
174,Product_174,Sports,158,118,"Sufficient Stock"
583,Product_583,Books,159,146,"Sufficient Stock"
478,Product_478,Clothing,162,149,"Sufficient Stock"
414,Product_414,Electronics,163,116,"Sufficient Stock"
406,Product_406,"Home & Kitchen",164,67,"Sufficient Stock"
65,Product_65,Health,165,95,"Sufficient Stock"
935,Product_935,"Office Supplies",168,105,"Sufficient Stock"
173,Product_173,Toys,170,101,"Sufficient Stock"
200,Product_200,"Home & Kitchen",170,86,"Sufficient Stock"
537,Product_537,Toys,170,120,"Sufficient Stock"
1196,Product_1196,"Office Supplies",170,155,"Sufficient Stock"
784,Product_784,Sports,170,51,"Sufficient Stock"
1087,Product_1087,Health,171,105,"Sufficient Stock"
1060,Product_1060,"Home & Kitchen",171,58,"Sufficient Stock"
202,Product_202,Electronics,172,122,"Sufficient Stock"
1147,Product_1147,Clothing,174,72,"Sufficient Stock"
381,Product_381,Electronics,174,146,"Sufficient Stock"
274,Product_274,Clothing,174,108,"Sufficient Stock"
1104,Product_1104,Clothing,178,176,"Sufficient Stock"
390,Product_390,"Home & Kitchen",179,131,"Sufficient Stock"
485,Product_485,"Home & Kitchen",180,157,"Sufficient Stock"
921,Product_921,"Office Supplies",180,117,"Sufficient Stock"
524,Product_524,Clothing,180,171,"Sufficient Stock"
546,Product_546,Sports,181,50,"Sufficient Stock"
575,Product_575,Books,184,123,"Sufficient Stock"
1093,Product_1093,"Office Supplies",184,70,"Sufficient Stock"
330,Product_330,Electronics,186,62,"Sufficient Stock"
488,Product_488,Health,186,127,"Sufficient Stock"
987,Product_987,"Office Supplies",186,145,"Sufficient Stock"
155,Product_155,Sports,186,88,"Sufficient Stock"
950,Product_950,"Home & Kitchen",187,105,"Sufficient Stock"
787,Product_787,"Home & Kitchen",187,173,"Sufficient Stock"
767,Product_767,Electronics,187,170,"Sufficient Stock"
481,Product_481,Electronics,188,170,"Sufficient Stock"
964,Product_964,"Home & Kitchen",188,144,"Sufficient Stock"
159,Product_159,Toys,189,67,"Sufficient Stock"
708,Product_708,"Home & Kitchen",189,67,"Sufficient Stock"
46,Product_46,Toys,190,141,"Sufficient Stock"
750,Product_750,"Home & Kitchen",192,87,"Sufficient Stock"
250,Product_250,"Office Supplies",192,66,"Sufficient Stock"
166,Product_166,Books,193,158,"Sufficient Stock"
612,Product_612,"Home & Kitchen",193,181,"Sufficient Stock"
395,Product_395,Sports,194,155,"Sufficient Stock"
1157,Product_1157,Books,194,114,"Sufficient Stock"
542,Product_542,"Office Supplies",194,131,"Sufficient Stock"
654,Product_654,"Office Supplies",194,167,"Sufficient Stock"
540,Product_540,Books,194,81,"Sufficient Stock"
1080,Product_1080,Clothing,195,106,"Sufficient Stock"
194,Product_194,Electronics,196,148,"Sufficient Stock"
1114,Product_1114,Toys,196,68,"Sufficient Stock"
799,Product_799,Health,199,136,"Sufficient Stock"
175,Product_175,Clothing,200,54,"Sufficient Stock"
592,Product_592,Toys,200,130,"Sufficient Stock"
717,Product_717,Books,200,133,"Sufficient Stock"
224,Product_224,"Office Supplies",201,124,"Sufficient Stock"
1003,Product_1003,"Home & Kitchen",202,97,"Sufficient Stock"
772,Product_772,Sports,203,61,"Sufficient Stock"
640,Product_640,Clothing,205,149,"Sufficient Stock"
696,Product_696,Clothing,205,180,"Sufficient Stock"
817,Product_817,Books,206,198,"Sufficient Stock"
1177,Product_1177,Health,207,87,"Sufficient Stock"
56,Product_56,Clothing,207,129,"Sufficient Stock"
52,Product_52,Clothing,208,86,"Sufficient Stock"
797,Product_797,Clothing,210,99,"Sufficient Stock"
812,Product_812,Electronics,210,100,"Sufficient Stock"
225,Product_225,Electronics,211,167,"Sufficient Stock"
773,Product_773,Toys,211,130,"Sufficient Stock"
310,Product_310,"Home & Kitchen",213,173,"Sufficient Stock"
885,Product_885,"Office Supplies",214,125,"Sufficient Stock"
915,Product_915,Health,216,60,"Sufficient Stock"
929,Product_929,"Office Supplies",216,150,"Sufficient Stock"
93,Product_93,Sports,216,140,"Sufficient Stock"
837,Product_837,Electronics,219,106,"Sufficient Stock"
1103,Product_1103,Sports,219,116,"Sufficient Stock"
432,Product_432,Toys,220,177,"Sufficient Stock"
1007,Product_1007,"Office Supplies",221,173,"Sufficient Stock"
417,Product_417,"Office Supplies",223,155,"Sufficient Stock"
1102,Product_1102,Books,223,89,"Sufficient Stock"
264,Product_264,Health,224,164,"Sufficient Stock"
517,Product_517,Clothing,224,85,"Sufficient Stock"
1167,Product_1167,Toys,225,135,"Sufficient Stock"
397,Product_397,"Home & Kitchen",227,119,"Sufficient Stock"
1039,Product_1039,"Office Supplies",228,166,"Sufficient Stock"
191,Product_191,Clothing,229,58,"Sufficient Stock"
840,Product_840,Electronics,231,80,"Sufficient Stock"
268,Product_268,Electronics,232,124,"Sufficient Stock"
573,Product_573,Health,236,138,"Sufficient Stock"
284,Product_284,"Home & Kitchen",236,84,"Sufficient Stock"
165,Product_165,"Home & Kitchen",236,58,"Sufficient Stock"
445,Product_445,Books,238,71,"Sufficient Stock"
74,Product_74,Health,238,136,"Sufficient Stock"
338,Product_338,Health,238,131,"Sufficient Stock"
326,Product_326,Sports,240,154,"Sufficient Stock"
779,Product_779,Health,242,100,"Sufficient Stock"
924,Product_924,"Home & Kitchen",243,102,"Sufficient Stock"
501,Product_501,Electronics,244,154,"Sufficient Stock"
84,Product_84,Books,244,94,"Sufficient Stock"
700,Product_700,Clothing,244,149,"Sufficient Stock"
923,Product_923,Electronics,245,129,"Sufficient Stock"
1046,Product_1046,Clothing,245,90,"Sufficient Stock"
571,Product_571,Sports,245,62,"Sufficient Stock"
32,Product_32,Sports,246,163,"Sufficient Stock"
731,Product_731,Electronics,246,58,"Sufficient Stock"
285,Product_285,Toys,247,172,"Sufficient Stock"
108,Product_108,Clothing,248,141,"Sufficient Stock"
1120,Product_1120,"Home & Kitchen",250,69,"Sufficient Stock"
267,Product_267,"Home & Kitchen",250,180,"Sufficient Stock"
713,Product_713,Books,250,120,"Sufficient Stock"
1014,Product_1014,Books,252,163,"Sufficient Stock"
368,Product_368,Clothing,252,118,"Sufficient Stock"
1012,Product_1012,Books,254,162,"Sufficient Stock"
278,Product_278,Health,255,108,"Sufficient Stock"
1015,Product_1015,Toys,256,173,"Sufficient Stock"
318,Product_318,Clothing,257,76,"Sufficient Stock"
1063,Product_1063,"Office Supplies",258,107,"Sufficient Stock"
958,Product_958,Books,259,54,"Sufficient Stock"
989,Product_989,Electronics,259,161,"Sufficient Stock"
875,Product_875,Electronics,259,106,"Sufficient Stock"
333,Product_333,Sports,261,128,"Sufficient Stock"
847,Product_847,Toys,262,163,"Sufficient Stock"
354,Product_354,Electronics,262,65,"Sufficient Stock"
1107,Product_1107,Clothing,264,147,"Sufficient Stock"
1175,Product_1175,Electronics,265,120,"Sufficient Stock"
848,Product_848,Sports,266,195,"Sufficient Stock"
1006,Product_1006,Books,267,147,"Sufficient Stock"
81,Product_81,Sports,268,106,"Sufficient Stock"
867,Product_867,Clothing,268,103,"Sufficient Stock"
263,Product_263,Sports,269,176,"Sufficient Stock"
1055,Product_1055,Toys,270,162,"Sufficient Stock"
905,Product_905,"Home & Kitchen",272,192,"Sufficient Stock"
1062,Product_1062,Electronics,273,118,"Sufficient Stock"
829,Product_829,Books,274,76,"Sufficient Stock"
775,Product_775,"Office Supplies",275,147,"Sufficient Stock"
460,Product_460,Clothing,277,196,"Sufficient Stock"
1002,Product_1002,Electronics,277,160,"Sufficient Stock"
39,Product_39,Sports,277,167,"Sufficient Stock"
932,Product_932,"Office Supplies",277,61,"Sufficient Stock"
621,Product_621,Electronics,279,128,"Sufficient Stock"
411,Product_411,Clothing,280,79,"Sufficient Stock"
281,Product_281,Electronics,280,158,"Sufficient Stock"
351,Product_351,"Office Supplies",282,134,"Sufficient Stock"
579,Product_579,Health,282,90,"Sufficient Stock"
975,Product_975,"Office Supplies",282,112,"Sufficient Stock"
163,Product_163,Books,283,64,"Sufficient Stock"
409,Product_409,"Home & Kitchen",284,128,"Sufficient Stock"
613,Product_613,Books,284,131,"Sufficient Stock"
167,Product_167,Sports,286,186,"Sufficient Stock"
701,Product_701,"Office Supplies",286,127,"Sufficient Stock"
486,Product_486,Toys,287,128,"Sufficient Stock"
215,Product_215,"Home & Kitchen",287,179,"Sufficient Stock"
450,Product_450,Sports,287,161,"Sufficient Stock"
715,Product_715,Books,290,68,"Sufficient Stock"
248,Product_248,Health,290,132,"Sufficient Stock"
965,Product_965,Books,290,195,"Sufficient Stock"
970,Product_970,Books,291,150,"Sufficient Stock"
393,Product_393,Electronics,292,81,"Sufficient Stock"
653,Product_653,Electronics,293,59,"Sufficient Stock"
1138,Product_1138,Electronics,293,63,"Sufficient Stock"
535,Product_535,Toys,295,83,"Sufficient Stock"
340,Product_340,Electronics,297,63,"Sufficient Stock"
562,Product_562,Clothing,297,81,"Sufficient Stock"
806,Product_806,Books,298,93,"Sufficient Stock"
464,Product_464,Toys,299,174,"Sufficient Stock"
499,Product_499,Clothing,301,199,"Sufficient Stock"
569,Product_569,Health,302,85,"Sufficient Stock"
993,Product_993,Health,303,98,"Sufficient Stock"
339,Product_339,Electronics,303,87,"Sufficient Stock"
878,Product_878,Sports,304,62,"Sufficient Stock"
513,Product_513,Health,305,93,"Sufficient Stock"
942,Product_942,Sports,305,161,"Sufficient Stock"
1183,Product_1183,Books,305,53,"Sufficient Stock"
684,Product_684,"Office Supplies",309,97,"Sufficient Stock"
408,Product_408,"Office Supplies",310,88,"Sufficient Stock"
186,Product_186,Sports,312,144,"Sufficient Stock"
892,Product_892,Books,312,184,"Sufficient Stock"
293,Product_293,"Home & Kitchen",313,172,"Sufficient Stock"
632,Product_632,Books,313,125,"Sufficient Stock"
260,Product_260,Toys,315,130,"Sufficient Stock"
493,Product_493,"Home & Kitchen",315,51,"Sufficient Stock"
551,Product_551,Books,315,59,"Sufficient Stock"
850,Product_850,"Home & Kitchen",316,137,"Sufficient Stock"
676,Product_676,Books,316,189,"Sufficient Stock"
134,Product_134,"Home & Kitchen",316,196,"Sufficient Stock"
927,Product_927,"Office Supplies",319,189,"Sufficient Stock"
521,Product_521,Toys,320,110,"Sufficient Stock"
602,Product_602,"Office Supplies",320,158,"Sufficient Stock"
586,Product_586,Clothing,321,179,"Sufficient Stock"
851,Product_851,Books,323,121,"Sufficient Stock"
719,Product_719,Sports,325,156,"Sufficient Stock"
760,Product_760,Books,325,61,"Sufficient Stock"
1163,Product_1163,Clothing,326,108,"Sufficient Stock"
137,Product_137,Clothing,326,122,"Sufficient Stock"
510,Product_510,Toys,326,72,"Sufficient Stock"
841,Product_841,Health,327,113,"Sufficient Stock"
1119,Product_1119,"Home & Kitchen",329,108,"Sufficient Stock"
936,Product_936,Clothing,329,148,"Sufficient Stock"
538,Product_538,"Home & Kitchen",330,52,"Sufficient Stock"
324,Product_324,"Office Supplies",330,180,"Sufficient Stock"
633,Product_633,Health,331,112,"Sufficient Stock"
343,Product_343,"Office Supplies",332,103,"Sufficient Stock"
1162,Product_1162,Sports,332,172,"Sufficient Stock"
1156,Product_1156,Toys,332,197,"Sufficient Stock"
299,Product_299,"Office Supplies",333,182,"Sufficient Stock"
1161,Product_1161,Electronics,333,96,"Sufficient Stock"
901,Product_901,"Home & Kitchen",333,123,"Sufficient Stock"
446,Product_446,Health,334,175,"Sufficient Stock"
51,Product_51,Health,334,175,"Sufficient Stock"
581,Product_581,Electronics,335,159,"Sufficient Stock"
122,Product_122,Books,336,166,"Sufficient Stock"
673,Product_673,Sports,336,157,"Sufficient Stock"
1129,Product_1129,Health,338,66,"Sufficient Stock"
483,Product_483,Electronics,338,184,"Sufficient Stock"
1146,Product_1146,Books,339,148,"Sufficient Stock"
618,Product_618,Sports,339,156,"Sufficient Stock"
508,Product_508,Toys,340,146,"Sufficient Stock"
740,Product_740,Health,343,60,"Sufficient Stock"
1185,Product_1185,Clothing,344,72,"Sufficient Stock"
883,Product_883,Electronics,347,153,"Sufficient Stock"
904,Product_904,Sports,347,159,"Sufficient Stock"
519,Product_519,Health,347,104,"Sufficient Stock"
1131,Product_1131,Toys,347,166,"Sufficient Stock"
1140,Product_1140,"Office Supplies",348,195,"Sufficient Stock"
205,Product_205,Electronics,349,105,"Sufficient Stock"
300,Product_300,Health,354,97,"Sufficient Stock"
984,Product_984,Toys,354,118,"Sufficient Stock"
141,Product_141,Health,354,129,"Sufficient Stock"
702,Product_702,Books,354,65,"Sufficient Stock"
644,Product_644,Sports,355,95,"Sufficient Stock"
1033,Product_1033,Books,356,149,"Sufficient Stock"
917,Product_917,Books,357,75,"Sufficient Stock"
849,Product_849,Health,358,159,"Sufficient Stock"
3,Product_3,"Home & Kitchen",359,92,"Sufficient Stock"
566,Product_566,"Home & Kitchen",360,113,"Sufficient Stock"
138,Product_138,Health,362,178,"Sufficient Stock"
578,Product_578,Toys,362,166,"Sufficient Stock"
771,Product_771,Health,363,179,"Sufficient Stock"
1072,Product_1072,"Home & Kitchen",363,146,"Sufficient Stock"
335,Product_335,Books,363,170,"Sufficient Stock"
880,Product_880,Electronics,365,78,"Sufficient Stock"
72,Product_72,Books,365,164,"Sufficient Stock"
891,Product_891,Sports,366,176,"Sufficient Stock"
437,Product_437,"Home & Kitchen",366,73,"Sufficient Stock"
286,Product_286,"Office Supplies",367,180,"Sufficient Stock"
1190,Product_1190,"Home & Kitchen",367,117,"Sufficient Stock"
1181,Product_1181,Health,368,182,"Sufficient Stock"
835,Product_835,"Office Supplies",368,124,"Sufficient Stock"
183,Product_183,Sports,370,53,"Sufficient Stock"
691,Product_691,Health,371,173,"Sufficient Stock"
567,Product_567,Electronics,373,179,"Sufficient Stock"
295,Product_295,"Home & Kitchen",374,91,"Sufficient Stock"
370,Product_370,Toys,375,65,"Sufficient Stock"
228,Product_228,Toys,375,108,"Sufficient Stock"
846,Product_846,Sports,375,84,"Sufficient Stock"
978,Product_978,"Home & Kitchen",376,53,"Sufficient Stock"
1075,Product_1075,Toys,377,171,"Sufficient Stock"
392,Product_392,"Office Supplies",380,108,"Sufficient Stock"
559,Product_559,Sports,380,100,"Sufficient Stock"
135,Product_135,Electronics,380,74,"Sufficient Stock"
869,Product_869,Sports,380,189,"Sufficient Stock"
941,Product_941,Clothing,380,158,"Sufficient Stock"
201,Product_201,Toys,381,123,"Sufficient Stock"
1016,Product_1016,"Home & Kitchen",382,98,"Sufficient Stock"
1088,Product_1088,Clothing,382,165,"Sufficient Stock"
113,Product_113,"Office Supplies",383,90,"Sufficient Stock"
477,Product_477,"Home & Kitchen",383,114,"Sufficient Stock"
43,Product_43,Clothing,384,68,"Sufficient Stock"
608,Product_608,"Home & Kitchen",385,131,"Sufficient Stock"
527,Product_527,Books,385,136,"Sufficient Stock"
1128,Product_1128,"Office Supplies",386,68,"Sufficient Stock"
106,Product_106,Clothing,387,150,"Sufficient Stock"
451,Product_451,Health,387,195,"Sufficient Stock"
160,Product_160,Books,387,137,"Sufficient Stock"
237,Product_237,Electronics,387,84,"Sufficient Stock"
1022,Product_1022,Clothing,389,136,"Sufficient Stock"
100,Product_100,"Office Supplies",389,89,"Sufficient Stock"
939,Product_939,Clothing,390,152,"Sufficient Stock"
259,Product_259,"Office Supplies",392,175,"Sufficient Stock"
1136,Product_1136,Sports,395,78,"Sufficient Stock"
671,Product_671,Clothing,395,51,"Sufficient Stock"
148,Product_148,Sports,397,183,"Sufficient Stock"
116,Product_116,Electronics,398,87,"Sufficient Stock"
659,Product_659,"Office Supplies",399,197,"Sufficient Stock"
386,Product_386,"Office Supplies",399,50,"Sufficient Stock"
682,Product_682,Electronics,400,75,"Sufficient Stock"
235,Product_235,Clothing,400,117,"Sufficient Stock"
309,Product_309,Electronics,404,66,"Sufficient Stock"
1047,Product_1047,Clothing,404,171,"Sufficient Stock"
50,Product_50,Books,404,172,"Sufficient Stock"
92,Product_92,Electronics,406,183,"Sufficient Stock"
606,Product_606,Books,407,150,"Sufficient Stock"
1170,Product_1170,"Home & Kitchen",407,76,"Sufficient Stock"
721,Product_721,Books,408,97,"Sufficient Stock"
533,Product_533,Sports,409,116,"Sufficient Stock"
511,Product_511,Sports,409,184,"Sufficient Stock"
824,Product_824,Electronics,410,67,"Sufficient Stock"
1101,Product_1101,Books,411,70,"Sufficient Stock"
982,Product_982,"Office Supplies",412,125,"Sufficient Stock"
909,Product_909,Clothing,413,89,"Sufficient Stock"
482,Product_482,"Office Supplies",414,72,"Sufficient Stock"
83,Product_83,Electronics,414,140,"Sufficient Stock"
1111,Product_1111,"Office Supplies",415,136,"Sufficient Stock"
244,Product_244,Clothing,415,193,"Sufficient Stock"
123,Product_123,"Home & Kitchen",418,148,"Sufficient Stock"
121,Product_121,"Office Supplies",418,52,"Sufficient Stock"
638,Product_638,Books,419,148,"Sufficient Stock"
1193,Product_1193,Health,419,184,"Sufficient Stock"
570,Product_570,"Home & Kitchen",420,163,"Sufficient Stock"
990,Product_990,"Home & Kitchen",420,140,"Sufficient Stock"
1069,Product_1069,Books,420,99,"Sufficient Stock"
861,Product_861,"Home & Kitchen",420,117,"Sufficient Stock"
1068,Product_1068,Books,421,196,"Sufficient Stock"
926,Product_926,Clothing,421,93,"Sufficient Stock"
197,Product_197,Electronics,422,169,"Sufficient Stock"
500,Product_500,Health,422,81,"Sufficient Stock"
1044,Product_1044,Health,422,59,"Sufficient Stock"
219,Product_219,Health,423,155,"Sufficient Stock"
588,Product_588,Health,423,170,"Sufficient Stock"
1168,Product_1168,Clothing,424,195,"Sufficient Stock"
1090,Product_1090,Electronics,425,74,"Sufficient Stock"
49,Product_49,Toys,425,77,"Sufficient Stock"
429,Product_429,Electronics,426,58,"Sufficient Stock"
955,Product_955,Electronics,426,170,"Sufficient Stock"
1199,Product_1199,Clothing,426,91,"Sufficient Stock"
828,Product_828,Clothing,426,91,"Sufficient Stock"
1173,Product_1173,Electronics,427,121,"Sufficient Stock"
69,Product_69,"Office Supplies",428,134,"Sufficient Stock"
161,Product_161,Health,428,174,"Sufficient Stock"
886,Product_886,Electronics,428,179,"Sufficient Stock"
1109,Product_1109,Sports,428,164,"Sufficient Stock"
398,Product_398,Toys,430,111,"Sufficient Stock"
337,Product_337,"Home & Kitchen",430,147,"Sufficient Stock"
130,Product_130,"Home & Kitchen",431,50,"Sufficient Stock"
1106,Product_1106,Electronics,432,158,"Sufficient Stock"
815,Product_815,Sports,434,59,"Sufficient Stock"
603,Product_603,Health,434,194,"Sufficient Stock"
400,Product_400,Toys,435,136,"Sufficient Stock"
753,Product_753,Electronics,436,83,"Sufficient Stock"
884,Product_884,Electronics,437,172,"Sufficient Stock"
20,Product_20,Toys,437,62,"Sufficient Stock"
819,Product_819,Health,438,134,"Sufficient Stock"
38,Product_38,Electronics,438,63,"Sufficient Stock"
645,Product_645,Clothing,439,95,"Sufficient Stock"
811,Product_811,Sports,439,194,"Sufficient Stock"
479,Product_479,Clothing,440,123,"Sufficient Stock"
788,Product_788,Books,440,102,"Sufficient Stock"
447,Product_447,"Home & Kitchen",440,91,"Sufficient Stock"
938,Product_938,Sports,440,126,"Sufficient Stock"
1017,Product_1017,Books,441,125,"Sufficient Stock"
1118,Product_1118,Toys,442,91,"Sufficient Stock"
842,Product_842,Health,442,82,"Sufficient Stock"
561,Product_561,Books,443,90,"Sufficient Stock"
18,Product_18,Electronics,444,73,"Sufficient Stock"
76,Product_76,"Office Supplies",444,145,"Sufficient Stock"
230,Product_230,Clothing,446,160,"Sufficient Stock"
103,Product_103,Electronics,447,126,"Sufficient Stock"
830,Product_830,Books,447,123,"Sufficient Stock"
315,Product_315,Health,447,128,"Sufficient Stock"
2,Product_2,Toys,448,190,"Sufficient Stock"
1086,Product_1086,"Home & Kitchen",449,129,"Sufficient Stock"
1151,Product_1151,Books,450,58,"Sufficient Stock"
239,Product_239,Electronics,451,151,"Sufficient Stock"
662,Product_662,Clothing,451,127,"Sufficient Stock"
204,Product_204,Books,452,179,"Sufficient Stock"
1112,Product_1112,Books,452,130,"Sufficient Stock"
635,Product_635,Electronics,453,156,"Sufficient Stock"
247,Product_247,Toys,453,129,"Sufficient Stock"
1013,Product_1013,Health,454,135,"Sufficient Stock"
24,Product_24,Clothing,456,131,"Sufficient Stock"
963,Product_963,Toys,456,53,"Sufficient Stock"
222,Product_222,"Office Supplies",456,148,"Sufficient Stock"
190,Product_190,"Office Supplies",457,159,"Sufficient Stock"
306,Product_306,Health,458,161,"Sufficient Stock"
402,Product_402,Toys,460,155,"Sufficient Stock"
666,Product_666,"Office Supplies",461,75,"Sufficient Stock"
110,Product_110,Sports,461,77,"Sufficient Stock"
151,Product_151,Health,462,119,"Sufficient Stock"
1186,Product_1186,Sports,464,97,"Sufficient Stock"
369,Product_369,"Office Supplies",464,197,"Sufficient Stock"
897,Product_897,Books,466,81,"Sufficient Stock"
576,Product_576,Clothing,467,74,"Sufficient Stock"
426,Product_426,"Office Supplies",470,78,"Sufficient Stock"
584,Product_584,Electronics,473,194,"Sufficient Stock"
348,Product_348,Toys,473,143,"Sufficient Stock"
770,Product_770,Electronics,474,68,"Sufficient Stock"
704,Product_704,Clothing,475,93,"Sufficient Stock"
790,Product_790,Books,475,161,"Sufficient Stock"
475,Product_475,Clothing,477,75,"Sufficient Stock"
961,Product_961,Books,477,59,"Sufficient Stock"
656,Product_656,Books,479,141,"Sufficient Stock"
877,Product_877,Books,479,54,"Sufficient Stock"
1117,Product_1117,Books,479,91,"Sufficient Stock"
329,Product_329,Clothing,482,165,"Sufficient Stock"
1058,Product_1058,Toys,486,79,"Sufficient Stock"
176,Product_176,Clothing,486,69,"Sufficient Stock"
998,Product_998,Electronics,488,117,"Sufficient Stock"
474,Product_474,Health,489,103,"Sufficient Stock"
291,Product_291,"Home & Kitchen",489,136,"Sufficient Stock"
930,Product_930,Toys,489,146,"Sufficient Stock"
47,Product_47,Clothing,489,82,"Sufficient Stock"
543,Product_543,Books,489,92,"Sufficient Stock"
119,Product_119,Health,490,191,"Sufficient Stock"
1176,Product_1176,Toys,490,195,"Sufficient Stock"
336,Product_336,"Office Supplies",490,142,"Sufficient Stock"
539,Product_539,Sports,492,107,"Sufficient Stock"
209,Product_209,"Office Supplies",493,89,"Sufficient Stock"
292,Product_292,Sports,493,90,"Sufficient Stock"
1189,Product_1189,Electronics,493,104,"Sufficient Stock"
287,Product_287,Books,494,153,"Sufficient Stock"
685,Product_685,Clothing,494,115,"Sufficient Stock"
30,Product_30,Sports,494,112,"Sufficient Stock"
1158,Product_1158,Toys,495,158,"Sufficient Stock"
67,Product_67,Electronics,495,134,"Sufficient Stock"
940,Product_940,"Office Supplies",495,155,"Sufficient Stock"
888,Product_888,Books,497,131,"Sufficient Stock"
910,Product_910,Health,499,148,"Sufficient Stock"
956,Product_956,Books,501,192,"Sufficient Stock"
313,Product_313,Electronics,502,131,"Sufficient Stock"
1092,Product_1092,Electronics,502,169,"Sufficient Stock"
181,Product_181,Toys,503,142,"Sufficient Stock"
246,Product_246,Sports,503,121,"Sufficient Stock"
595,Product_595,"Office Supplies",504,99,"Sufficient Stock"
925,Product_925,Sports,505,155,"Sufficient Stock"
919,Product_919,Toys,506,172,"Sufficient Stock"
727,Product_727,Electronics,507,171,"Sufficient Stock"
981,Product_981,Health,507,129,"Sufficient Stock"
79,Product_79,Sports,508,136,"Sufficient Stock"
720,Product_720,Electronics,510,150,"Sufficient Stock"
947,Product_947,Electronics,512,117,"Sufficient Stock"
959,Product_959,Sports,512,132,"Sufficient Stock"
1,Product_1,Health,513,67,"Sufficient Stock"
258,Product_258,Clothing,514,78,"Sufficient Stock"
952,Product_952,Health,515,150,"Sufficient Stock"
454,Product_454,"Office Supplies",516,87,"Sufficient Stock"
1135,Product_1135,"Office Supplies",517,181,"Sufficient Stock"
931,Product_931,Sports,518,58,"Sufficient Stock"
1144,Product_1144,"Office Supplies",519,79,"Sufficient Stock"
373,Product_373,Toys,519,115,"Sufficient Stock"
966,Product_966,Toys,519,129,"Sufficient Stock"
593,Product_593,"Office Supplies",521,66,"Sufficient Stock"
1076,Product_1076,"Office Supplies",522,157,"Sufficient Stock"
825,Product_825,Clothing,522,106,"Sufficient Stock"
307,Product_307,Clothing,522,110,"Sufficient Stock"
882,Product_882,Sports,522,139,"Sufficient Stock"
615,Product_615,Electronics,523,169,"Sufficient Stock"
1040,Product_1040,Clothing,523,117,"Sufficient Stock"
109,Product_109,Electronics,525,194,"Sufficient Stock"
73,Product_73,Clothing,525,113,"Sufficient Stock"
680,Product_680,Sports,526,175,"Sufficient Stock"
614,Product_614,Toys,526,197,"Sufficient Stock"
983,Product_983,Electronics,527,165,"Sufficient Stock"
745,Product_745,Electronics,527,168,"Sufficient Stock"
61,Product_61,"Office Supplies",528,103,"Sufficient Stock"
991,Product_991,Books,528,137,"Sufficient Stock"
652,Product_652,"Office Supplies",529,74,"Sufficient Stock"
265,Product_265,"Home & Kitchen",529,175,"Sufficient Stock"
328,Product_328,Electronics,529,145,"Sufficient Stock"
1009,Product_1009,Toys,529,160,"Sufficient Stock"
532,Product_532,Electronics,530,128,"Sufficient Stock"
747,Product_747,Books,531,63,"Sufficient Stock"
99,Product_99,Electronics,531,139,"Sufficient Stock"
574,Product_574,Clothing,533,71,"Sufficient Stock"
434,Product_434,Toys,533,121,"Sufficient Stock"
249,Product_249,Books,533,91,"Sufficient Stock"
893,Product_893,"Office Supplies",537,75,"Sufficient Stock"
889,Product_889,Toys,539,126,"Sufficient Stock"
896,Product_896,Health,540,122,"Sufficient Stock"
1050,Product_1050,"Home & Kitchen",540,151,"Sufficient Stock"
1000,Product_1000,Electronics,541,98,"Sufficient Stock"
1034,Product_1034,Sports,541,101,"Sufficient Stock"
33,Product_33,Books,542,160,"Sufficient Stock"
976,Product_976,Toys,543,170,"Sufficient Stock"
902,Product_902,Sports,546,101,"Sufficient Stock"
442,Product_442,Books,549,148,"Sufficient Stock"
814,Product_814,Clothing,550,100,"Sufficient Stock"
992,Product_992,Clothing,550,139,"Sufficient Stock"
40,Product_40,Clothing,551,94,"Sufficient Stock"
580,Product_580,Health,552,137,"Sufficient Stock"
1115,Product_1115,Books,553,184,"Sufficient Stock"
568,Product_568,"Office Supplies",553,176,"Sufficient Stock"
365,Product_365,"Home & Kitchen",554,183,"Sufficient Stock"
114,Product_114,Sports,555,183,"Sufficient Stock"
686,Product_686,"Home & Kitchen",555,136,"Sufficient Stock"
681,Product_681,"Home & Kitchen",555,147,"Sufficient Stock"
177,Product_177,Books,556,128,"Sufficient Stock"
1152,Product_1152,Clothing,556,64,"Sufficient Stock"
678,Product_678,"Home & Kitchen",557,62,"Sufficient Stock"
748,Product_748,Health,557,59,"Sufficient Stock"
522,Product_522,"Home & Kitchen",558,179,"Sufficient Stock"
920,Product_920,"Home & Kitchen",558,193,"Sufficient Stock"
985,Product_985,Electronics,558,147,"Sufficient Stock"
859,Product_859,Health,562,89,"Sufficient Stock"
34,Product_34,"Office Supplies",563,196,"Sufficient Stock"
871,Product_871,Books,565,83,"Sufficient Stock"
739,Product_739,"Office Supplies",565,170,"Sufficient Stock"
1095,Product_1095,Sports,566,106,"Sufficient Stock"
610,Product_610,Clothing,568,122,"Sufficient Stock"
90,Product_90,Electronics,569,133,"Sufficient Stock"
102,Product_102,"Home & Kitchen",570,94,"Sufficient Stock"
198,Product_198,Electronics,571,190,"Sufficient Stock"
118,Product_118,Health,574,124,"Sufficient Stock"
359,Product_359,Sports,574,66,"Sufficient Stock"
317,Product_317,Toys,575,119,"Sufficient Stock"
922,Product_922,Health,575,153,"Sufficient Stock"
838,Product_838,Toys,576,175,"Sufficient Stock"
601,Product_601,Health,577,123,"Sufficient Stock"
1077,Product_1077,Sports,579,59,"Sufficient Stock"
472,Product_472,Health,579,172,"Sufficient Stock"
443,Product_443,Electronics,581,111,"Sufficient Stock"
1023,Product_1023,Clothing,581,133,"Sufficient Stock"
180,Product_180,Books,582,51,"Sufficient Stock"
289,Product_289,Sports,585,76,"Sufficient Stock"
458,Product_458,"Home & Kitchen",586,105,"Sufficient Stock"
737,Product_737,Health,586,121,"Sufficient Stock"
36,Product_36,"Home & Kitchen",587,102,"Sufficient Stock"
590,Product_590,"Office Supplies",587,186,"Sufficient Stock"
466,Product_466,"Home & Kitchen",588,101,"Sufficient Stock"
1139,Product_1139,"Home & Kitchen",588,118,"Sufficient Stock"
68,Product_68,Toys,589,75,"Sufficient Stock"
352,Product_352,Sports,590,71,"Sufficient Stock"
554,Product_554,Toys,595,198,"Sufficient Stock"
1150,Product_1150,Books,596,81,"Sufficient Stock"
308,Product_308,"Office Supplies",596,144,"Sufficient Stock"
1027,Product_1027,Toys,597,86,"Sufficient Stock"
674,Product_674,Electronics,598,79,"Sufficient Stock"
1019,Product_1019,Books,598,105,"Sufficient Stock"
262,Product_262,Health,598,75,"Sufficient Stock"
864,Product_864,Clothing,599,143,"Sufficient Stock"
585,Product_585,Clothing,600,106,"Sufficient Stock"
729,Product_729,"Office Supplies",600,72,"Sufficient Stock"
868,Product_868,Sports,600,114,"Sufficient Stock"
12,Product_12,Health,601,186,"Sufficient Stock"
62,Product_62,Health,601,199,"Sufficient Stock"
1083,Product_1083,Toys,604,70,"Sufficient Stock"
294,Product_294,Clothing,605,124,"Sufficient Stock"
23,Product_23,Electronics,605,167,"Sufficient Stock"
1031,Product_1031,"Home & Kitchen",606,195,"Sufficient Stock"
1074,Product_1074,Health,606,85,"Sufficient Stock"
484,Product_484,Electronics,606,120,"Sufficient Stock"
470,Product_470,Clothing,606,70,"Sufficient Stock"
722,Product_722,Books,606,184,"Sufficient Stock"
515,Product_515,Sports,606,75,"Sufficient Stock"
221,Product_221,Toys,607,119,"Sufficient Stock"
736,Product_736,Electronics,607,198,"Sufficient Stock"
687,Product_687,Sports,609,128,"Sufficient Stock"
827,Product_827,Clothing,609,97,"Sufficient Stock"
199,Product_199,Electronics,609,61,"Sufficient Stock"
55,Product_55,Clothing,610,176,"Sufficient Stock"
746,Product_746,Health,610,63,"Sufficient Stock"
126,Product_126,Toys,611,165,"Sufficient Stock"
41,Product_41,"Office Supplies",612,100,"Sufficient Stock"
383,Product_383,Books,612,120,"Sufficient Stock"
616,Product_616,Books,612,169,"Sufficient Stock"
1166,Product_1166,Electronics,613,173,"Sufficient Stock"
25,Product_25,Books,614,160,"Sufficient Stock"
693,Product_693,Clothing,615,133,"Sufficient Stock"
216,Product_216,Clothing,617,62,"Sufficient Stock"
403,Product_403,Toys,617,105,"Sufficient Stock"
469,Product_469,"Office Supplies",617,178,"Sufficient Stock"
525,Product_525,Health,617,146,"Sufficient Stock"
528,Product_528,Toys,617,87,"Sufficient Stock"
918,Product_918,Toys,617,134,"Sufficient Stock"
210,Product_210,"Home & Kitchen",619,113,"Sufficient Stock"
774,Product_774,Health,620,123,"Sufficient Stock"
1178,Product_1178,"Office Supplies",621,186,"Sufficient Stock"
624,Product_624,Toys,621,139,"Sufficient Stock"
914,Product_914,Health,621,181,"Sufficient Stock"
1137,Product_1137,"Office Supplies",622,100,"Sufficient Stock"
227,Product_227,Electronics,623,118,"Sufficient Stock"
803,Product_803,Books,626,87,"Sufficient Stock"
860,Product_860,Toys,628,138,"Sufficient Stock"
874,Product_874,Health,629,67,"Sufficient Stock"
379,Product_379,Electronics,629,71,"Sufficient Stock"
1041,Product_1041,Sports,629,83,"Sufficient Stock"
1105,Product_1105,"Office Supplies",630,104,"Sufficient Stock"
208,Product_208,Toys,633,152,"Sufficient Stock"
881,Product_881,Health,633,52,"Sufficient Stock"
973,Product_973,Clothing,634,102,"Sufficient Stock"
604,Product_604,Books,635,67,"Sufficient Stock"
457,Product_457,"Office Supplies",637,71,"Sufficient Stock"
296,Product_296,Health,638,166,"Sufficient Stock"
641,Product_641,Clothing,638,166,"Sufficient Stock"
732,Product_732,"Home & Kitchen",640,64,"Sufficient Stock"
347,Product_347,"Office Supplies",641,105,"Sufficient Stock"
954,Product_954,Electronics,643,123,"Sufficient Stock"
999,Product_999,Books,643,179,"Sufficient Stock"
716,Product_716,"Home & Kitchen",644,55,"Sufficient Stock"
468,Product_468,Toys,648,114,"Sufficient Stock"
937,Product_937,Sports,649,159,"Sufficient Stock"
233,Product_233,Toys,650,177,"Sufficient Stock"
857,Product_857,Clothing,651,188,"Sufficient Stock"
785,Product_785,Electronics,652,57,"Sufficient Stock"
428,Product_428,"Office Supplies",652,127,"Sufficient Stock"
63,Product_63,"Office Supplies",652,65,"Sufficient Stock"
77,Product_77,Clothing,654,126,"Sufficient Stock"
549,Product_549,Sports,655,55,"Sufficient Stock"
332,Product_332,Toys,655,83,"Sufficient Stock"
64,Product_64,Toys,656,77,"Sufficient Stock"
979,Product_979,Books,657,142,"Sufficient Stock"
627,Product_627,Sports,657,131,"Sufficient Stock"
192,Product_192,Health,657,166,"Sufficient Stock"
410,Product_410,"Home & Kitchen",659,195,"Sufficient Stock"
663,Product_663,Electronics,660,92,"Sufficient Stock"
1110,Product_1110,Sports,661,166,"Sufficient Stock"
203,Product_203,Sports,662,101,"Sufficient Stock"
655,Product_655,Books,662,193,"Sufficient Stock"
385,Product_385,Sports,662,146,"Sufficient Stock"
1026,Product_1026,Books,663,194,"Sufficient Stock"
1188,Product_1188,"Office Supplies",665,174,"Sufficient Stock"
822,Product_822,"Office Supplies",665,88,"Sufficient Stock"
854,Product_854,Health,665,102,"Sufficient Stock"
1001,Product_1001,Clothing,669,175,"Sufficient Stock"
609,Product_609,Sports,670,66,"Sufficient Stock"
765,Product_765,Sports,672,155,"Sufficient Stock"
946,Product_946,Books,672,91,"Sufficient Stock"
31,Product_31,Health,673,125,"Sufficient Stock"
630,Product_630,Clothing,673,68,"Sufficient Stock"
127,Product_127,"Home & Kitchen",674,174,"Sufficient Stock"
85,Product_85,Health,674,137,"Sufficient Stock"
768,Product_768,"Home & Kitchen",674,181,"Sufficient Stock"
605,Product_605,Toys,675,91,"Sufficient Stock"
459,Product_459,"Office Supplies",676,168,"Sufficient Stock"
54,Product_54,Sports,677,147,"Sufficient Stock"
555,Product_555,Health,677,175,"Sufficient Stock"
777,Product_777,"Home & Kitchen",678,185,"Sufficient Stock"
1100,Product_1100,Electronics,678,180,"Sufficient Stock"
683,Product_683,Electronics,680,198,"Sufficient Stock"
1065,Product_1065,Health,682,101,"Sufficient Stock"
637,Product_637,Toys,684,104,"Sufficient Stock"
912,Product_912,Electronics,684,134,"Sufficient Stock"
783,Product_783,"Home & Kitchen",684,122,"Sufficient Stock"
311,Product_311,Sports,684,73,"Sufficient Stock"
59,Product_59,Toys,686,175,"Sufficient Stock"
597,Product_597,Books,687,143,"Sufficient Stock"
1149,Product_1149,"Home & Kitchen",690,128,"Sufficient Stock"
435,Product_435,Books,691,114,"Sufficient Stock"
1057,Product_1057,Books,691,134,"Sufficient Stock"
1011,Product_1011,Electronics,692,76,"Sufficient Stock"
48,Product_48,Sports,693,196,"Sufficient Stock"
552,Product_552,"Office Supplies",693,120,"Sufficient Stock"
29,Product_29,Health,695,163,"Sufficient Stock"
27,Product_27,Sports,697,115,"Sufficient Stock"
660,Product_660,"Office Supplies",698,129,"Sufficient Stock"
1187,Product_1187,Electronics,699,197,"Sufficient Stock"
4,Product_4,Sports,699,127,"Sufficient Stock"
342,Product_342,"Home & Kitchen",699,140,"Sufficient Stock"
58,Product_58,Sports,701,126,"Sufficient Stock"
1053,Product_1053,Sports,701,185,"Sufficient Stock"
355,Product_355,"Office Supplies",702,99,"Sufficient Stock"
757,Product_757,"Office Supplies",705,194,"Sufficient Stock"
769,Product_769,Sports,708,131,"Sufficient Stock"
88,Product_88,Electronics,708,184,"Sufficient Stock"
101,Product_101,"Home & Kitchen",709,161,"Sufficient Stock"
670,Product_670,Sports,709,117,"Sufficient Stock"
677,Product_677,"Home & Kitchen",710,93,"Sufficient Stock"
526,Product_526,Toys,710,129,"Sufficient Stock"
1025,Product_1025,Electronics,711,198,"Sufficient Stock"
1179,Product_1179,Toys,711,84,"Sufficient Stock"
271,Product_271,"Office Supplies",713,70,"Sufficient Stock"
13,Product_13,Books,716,117,"Sufficient Stock"
290,Product_290,Sports,717,50,"Sufficient Stock"
669,Product_669,"Office Supplies",717,112,"Sufficient Stock"
907,Product_907,Sports,719,176,"Sufficient Stock"
376,Product_376,Books,719,149,"Sufficient Stock"
865,Product_865,Sports,719,68,"Sufficient Stock"
572,Product_572,Clothing,719,64,"Sufficient Stock"
156,Product_156,Books,719,80,"Sufficient Stock"
314,Product_314,Clothing,720,99,"Sufficient Stock"
516,Product_516,Clothing,720,146,"Sufficient Stock"
1066,Product_1066,Health,721,89,"Sufficient Stock"
934,Product_934,Books,721,77,"Sufficient Stock"
1079,Product_1079,Toys,721,55,"Sufficient Stock"
733,Product_733,"Office Supplies",723,180,"Sufficient Stock"
714,Product_714,Clothing,723,97,"Sufficient Stock"
245,Product_245,Clothing,725,160,"Sufficient Stock"
279,Product_279,"Office Supplies",726,120,"Sufficient Stock"
1113,Product_1113,Clothing,726,115,"Sufficient Stock"
628,Product_628,"Office Supplies",727,180,"Sufficient Stock"
646,Product_646,Sports,728,149,"Sufficient Stock"
744,Product_744,Sports,729,84,"Sufficient Stock"
957,Product_957,Sports,729,192,"Sufficient Stock"
728,Product_728,"Office Supplies",730,118,"Sufficient Stock"
21,Product_21,Clothing,731,74,"Sufficient Stock"
157,Product_157,"Office Supplies",731,59,"Sufficient Stock"
196,Product_196,Toys,732,190,"Sufficient Stock"
26,Product_26,Clothing,734,131,"Sufficient Stock"
564,Product_564,Clothing,736,111,"Sufficient Stock"
596,Product_596,Books,737,161,"Sufficient Stock"
303,Product_303,Electronics,737,148,"Sufficient Stock"
223,Product_223,"Office Supplies",740,131,"Sufficient Stock"
943,Product_943,Clothing,741,107,"Sufficient Stock"
834,Product_834,"Office Supplies",741,74,"Sufficient Stock"
667,Product_667,"Home & Kitchen",742,170,"Sufficient Stock"
440,Product_440,Books,742,112,"Sufficient Stock"
1052,Product_1052,Clothing,746,198,"Sufficient Stock"
890,Product_890,Clothing,746,51,"Sufficient Stock"
1067,Product_1067,Health,747,112,"Sufficient Stock"
948,Product_948,Sports,747,82,"Sufficient Stock"
1021,Product_1021,Books,748,93,"Sufficient Stock"
908,Product_908,Electronics,749,56,"Sufficient Stock"
152,Product_152,"Office Supplies",750,145,"Sufficient Stock"
120,Product_120,Toys,750,115,"Sufficient Stock"
802,Product_802,Clothing,751,178,"Sufficient Stock"
813,Product_813,Clothing,751,87,"Sufficient Stock"
82,Product_82,Books,752,152,"Sufficient Stock"
104,Product_104,"Home & Kitchen",753,136,"Sufficient Stock"
577,Product_577,Books,753,150,"Sufficient Stock"
665,Product_665,"Office Supplies",754,127,"Sufficient Stock"
327,Product_327,Sports,754,147,"Sufficient Stock"
972,Product_972,Electronics,755,110,"Sufficient Stock"
169,Product_169,"Office Supplies",757,65,"Sufficient Stock"
346,Product_346,Sports,757,138,"Sufficient Stock"
1049,Product_1049,Toys,758,59,"Sufficient Stock"
254,Product_254,Toys,758,85,"Sufficient Stock"
45,Product_45,Toys,760,125,"Sufficient Stock"
1035,Product_1035,Toys,760,68,"Sufficient Stock"
1096,Product_1096,Toys,762,142,"Sufficient Stock"
986,Product_986,Clothing,762,50,"Sufficient Stock"
257,Product_257,Sports,762,183,"Sufficient Stock"
967,Product_967,Clothing,764,85,"Sufficient Stock"
364,Product_364,Electronics,765,143,"Sufficient Stock"
1032,Product_1032,Books,765,111,"Sufficient Stock"
694,Product_694,Books,767,69,"Sufficient Stock"
1056,Product_1056,Sports,769,127,"Sufficient Stock"
168,Product_168,Books,770,181,"Sufficient Stock"
778,Product_778,Clothing,771,174,"Sufficient Stock"
530,Product_530,Clothing,771,127,"Sufficient Stock"
688,Product_688,Books,772,72,"Sufficient Stock"
70,Product_70,Books,773,114,"Sufficient Stock"
179,Product_179,Electronics,775,160,"Sufficient Stock"
304,Product_304,"Office Supplies",777,165,"Sufficient Stock"
1130,Product_1130,"Home & Kitchen",777,118,"Sufficient Stock"
560,Product_560,"Office Supplies",777,105,"Sufficient Stock"
255,Product_255,Clothing,778,55,"Sufficient Stock"
7,Product_7,"Office Supplies",778,108,"Sufficient Stock"
821,Product_821,Books,778,175,"Sufficient Stock"
816,Product_816,Electronics,779,169,"Sufficient Stock"
900,Product_900,Books,781,54,"Sufficient Stock"
387,Product_387,"Office Supplies",781,181,"Sufficient Stock"
1123,Product_1123,"Home & Kitchen",782,76,"Sufficient Stock"
218,Product_218,"Office Supplies",782,152,"Sufficient Stock"
172,Product_172,"Home & Kitchen",782,170,"Sufficient Stock"
325,Product_325,Electronics,783,96,"Sufficient Stock"
418,Product_418,Electronics,783,56,"Sufficient Stock"
60,Product_60,Health,784,136,"Sufficient Stock"
107,Product_107,Health,784,166,"Sufficient Stock"
703,Product_703,Clothing,784,132,"Sufficient Stock"
495,Product_495,Electronics,784,174,"Sufficient Stock"
401,Product_401,Toys,786,163,"Sufficient Stock"
780,Product_780,"Office Supplies",786,60,"Sufficient Stock"
425,Product_425,"Home & Kitchen",786,156,"Sufficient Stock"
598,Product_598,Electronics,787,134,"Sufficient Stock"
1169,Product_1169,Books,789,161,"Sufficient Stock"
723,Product_723,Electronics,789,118,"Sufficient Stock"
887,Product_887,Toys,790,157,"Sufficient Stock"
1195,Product_1195,Health,790,189,"Sufficient Stock"
270,Product_270,Toys,790,139,"Sufficient Stock"
529,Product_529,Clothing,791,168,"Sufficient Stock"
171,Product_171,"Home & Kitchen",791,148,"Sufficient Stock"
557,Product_557,Health,792,123,"Sufficient Stock"
80,Product_80,Sports,794,198,"Sufficient Stock"
544,Product_544,Sports,794,184,"Sufficient Stock"
690,Product_690,Sports,794,97,"Sufficient Stock"
556,Product_556,"Home & Kitchen",795,146,"Sufficient Stock"
378,Product_378,Sports,795,113,"Sufficient Stock"
394,Product_394,"Office Supplies",796,77,"Sufficient Stock"
718,Product_718,"Office Supplies",796,102,"Sufficient Stock"
903,Product_903,Books,797,126,"Sufficient Stock"
189,Product_189,"Home & Kitchen",797,116,"Sufficient Stock"
679,Product_679,Books,799,127,"Sufficient Stock"
710,Product_710,Health,799,172,"Sufficient Stock"
142,Product_142,"Home & Kitchen",799,153,"Sufficient Stock"
465,Product_465,Clothing,801,178,"Sufficient Stock"
371,Product_371,Clothing,803,100,"Sufficient Stock"
1008,Product_1008,Health,803,129,"Sufficient Stock"
377,Product_377,Electronics,803,135,"Sufficient Stock"
826,Product_826,"Home & Kitchen",805,145,"Sufficient Stock"
1121,Product_1121,"Office Supplies",806,122,"Sufficient Stock"
563,Product_563,Sports,807,64,"Sufficient Stock"
154,Product_154,Electronics,807,97,"Sufficient Stock"
241,Product_241,Electronics,808,56,"Sufficient Stock"
321,Product_321,Sports,809,85,"Sufficient Stock"
467,Product_467,"Office Supplies",809,134,"Sufficient Stock"
800,Product_800,Toys,809,184,"Sufficient Stock"
234,Product_234,Health,810,154,"Sufficient Stock"
974,Product_974,Clothing,810,195,"Sufficient Stock"
96,Product_96,Health,814,106,"Sufficient Stock"
548,Product_548,Health,816,63,"Sufficient Stock"
91,Product_91,"Office Supplies",816,140,"Sufficient Stock"
536,Product_536,Health,817,146,"Sufficient Stock"
5,Product_5,Health,818,77,"Sufficient Stock"
945,Product_945,Sports,819,124,"Sufficient Stock"
863,Product_863,Books,820,196,"Sufficient Stock"
78,Product_78,Electronics,821,195,"Sufficient Stock"
146,Product_146,Clothing,825,174,"Sufficient Stock"
349,Product_349,"Office Supplies",826,142,"Sufficient Stock"
1160,Product_1160,Books,827,59,"Sufficient Stock"
430,Product_430,Sports,829,125,"Sufficient Stock"
413,Product_413,Toys,830,107,"Sufficient Stock"
44,Product_44,Toys,832,131,"Sufficient Stock"
487,Product_487,"Office Supplies",833,95,"Sufficient Stock"
231,Product_231,Sports,834,111,"Sufficient Stock"
462,Product_462,Clothing,835,84,"Sufficient Stock"
153,Product_153,Health,835,154,"Sufficient Stock"
374,Product_374,"Home & Kitchen",836,58,"Sufficient Stock"
726,Product_726,Books,836,180,"Sufficient Stock"
412,Product_412,Books,837,147,"Sufficient Stock"
1165,Product_1165,Clothing,838,152,"Sufficient Stock"
439,Product_439,Electronics,840,132,"Sufficient Stock"
269,Product_269,Health,840,127,"Sufficient Stock"
10,Product_10,Books,843,105,"Sufficient Stock"
1048,Product_1048,Toys,843,187,"Sufficient Stock"
319,Product_319,"Home & Kitchen",843,64,"Sufficient Stock"
565,Product_565,Toys,844,77,"Sufficient Stock"
977,Product_977,Clothing,845,154,"Sufficient Stock"
1191,Product_1191,Books,845,137,"Sufficient Stock"
625,Product_625,Sports,845,75,"Sufficient Stock"
697,Product_697,"Home & Kitchen",846,61,"Sufficient Stock"
642,Product_642,Toys,847,167,"Sufficient Stock"
933,Product_933,Sports,848,118,"Sufficient Stock"
756,Product_756,Sports,848,194,"Sufficient Stock"
66,Product_66,Sports,848,121,"Sufficient Stock"
240,Product_240,"Office Supplies",848,149,"Sufficient Stock"
453,Product_453,Books,849,66,"Sufficient Stock"
759,Product_759,Toys,851,50,"Sufficient Stock"
480,Product_480,Clothing,852,66,"Sufficient Stock"
795,Product_795,Books,853,135,"Sufficient Stock"
1154,Product_1154,Clothing,854,158,"Sufficient Stock"
456,Product_456,Electronics,854,159,"Sufficient Stock"
692,Product_692,Toys,854,179,"Sufficient Stock"
735,Product_735,Clothing,854,66,"Sufficient Stock"
35,Product_35,Health,856,84,"Sufficient Stock"
1018,Product_1018,Health,857,104,"Sufficient Stock"
331,Product_331,"Office Supplies",857,50,"Sufficient Stock"
591,Product_591,Toys,857,117,"Sufficient Stock"
801,Product_801,Health,857,186,"Sufficient Stock"
162,Product_162,Health,857,122,"Sufficient Stock"
380,Product_380,Sports,860,159,"Sufficient Stock"
1042,Product_1042,Health,861,118,"Sufficient Stock"
1098,Product_1098,Clothing,862,177,"Sufficient Stock"
594,Product_594,Electronics,863,166,"Sufficient Stock"
164,Product_164,Health,863,53,"Sufficient Stock"
496,Product_496,"Office Supplies",863,130,"Sufficient Stock"
699,Product_699,Electronics,864,115,"Sufficient Stock"
898,Product_898,"Office Supplies",864,64,"Sufficient Stock"
839,Product_839,Sports,866,136,"Sufficient Stock"
422,Product_422,"Office Supplies",867,98,"Sufficient Stock"
433,Product_433,Books,867,69,"Sufficient Stock"
626,Product_626,Books,868,141,"Sufficient Stock"
855,Product_855,"Home & Kitchen",869,187,"Sufficient Stock"
620,Product_620,Health,870,58,"Sufficient Stock"
132,Product_132,Health,871,138,"Sufficient Stock"
182,Product_182,Sports,875,62,"Sufficient Stock"
657,Product_657,Sports,876,183,"Sufficient Stock"
794,Product_794,Health,876,63,"Sufficient Stock"
856,Product_856,Clothing,877,136,"Sufficient Stock"
1127,Product_1127,Health,878,149,"Sufficient Stock"
512,Product_512,"Home & Kitchen",878,128,"Sufficient Stock"
356,Product_356,Sports,878,171,"Sufficient Stock"
253,Product_253,"Home & Kitchen",879,83,"Sufficient Stock"
150,Product_150,"Home & Kitchen",879,171,"Sufficient Stock"
545,Product_545,Sports,880,154,"Sufficient Stock"
1081,Product_1081,Clothing,880,178,"Sufficient Stock"
193,Product_193,Sports,881,60,"Sufficient Stock"
833,Product_833,"Home & Kitchen",883,75,"Sufficient Stock"
489,Product_489,Books,883,65,"Sufficient Stock"
277,Product_277,"Home & Kitchen",883,161,"Sufficient Stock"
195,Product_195,Health,884,91,"Sufficient Stock"
1059,Product_1059,Toys,884,98,"Sufficient Stock"
844,Product_844,Books,885,67,"Sufficient Stock"
431,Product_431,Sports,885,91,"Sufficient Stock"
357,Product_357,Toys,886,177,"Sufficient Stock"
507,Product_507,"Office Supplies",886,94,"Sufficient Stock"
115,Product_115,Clothing,886,124,"Sufficient Stock"
1194,Product_1194,Health,888,144,"Sufficient Stock"
866,Product_866,Toys,888,72,"Sufficient Stock"
1122,Product_1122,"Home & Kitchen",889,66,"Sufficient Stock"
220,Product_220,"Home & Kitchen",889,168,"Sufficient Stock"
22,Product_22,Clothing,889,197,"Sufficient Stock"
14,Product_14,Electronics,890,95,"Sufficient Stock"
695,Product_695,"Home & Kitchen",890,95,"Sufficient Stock"
229,Product_229,Electronics,890,175,"Sufficient Stock"
1078,Product_1078,Clothing,890,144,"Sufficient Stock"
361,Product_361,"Home & Kitchen",891,179,"Sufficient Stock"
19,Product_19,Sports,892,143,"Sufficient Stock"
316,Product_316,Health,893,128,"Sufficient Stock"
751,Product_751,Electronics,894,157,"Sufficient Stock"
37,Product_37,Toys,896,75,"Sufficient Stock"
415,Product_415,Sports,897,120,"Sufficient Stock"
550,Product_550,Toys,897,152,"Sufficient Stock"
1148,Product_1148,"Home & Kitchen",899,178,"Sufficient Stock"
344,Product_344,"Office Supplies",899,179,"Sufficient Stock"
243,Product_243,Electronics,900,98,"Sufficient Stock"
206,Product_206,"Home & Kitchen",901,109,"Sufficient Stock"
831,Product_831,Books,901,159,"Sufficient Stock"
112,Product_112,Electronics,902,107,"Sufficient Stock"
312,Product_312,Electronics,902,165,"Sufficient Stock"
1143,Product_1143,Books,903,66,"Sufficient Stock"
1045,Product_1045,Clothing,904,91,"Sufficient Stock"
623,Product_623,Toys,905,68,"Sufficient Stock"
506,Product_506,"Office Supplies",906,183,"Sufficient Stock"
853,Product_853,Toys,907,79,"Sufficient Stock"
514,Product_514,Health,907,76,"Sufficient Stock"
786,Product_786,Sports,908,188,"Sufficient Stock"
712,Product_712,Clothing,908,100,"Sufficient Stock"
1099,Product_1099,"Home & Kitchen",909,146,"Sufficient Stock"
629,Product_629,Clothing,909,91,"Sufficient Stock"
396,Product_396,"Home & Kitchen",910,154,"Sufficient Stock"
158,Product_158,Sports,911,79,"Sufficient Stock"
672,Product_672,"Home & Kitchen",911,191,"Sufficient Stock"
953,Product_953,Electronics,912,100,"Sufficient Stock"
1030,Product_1030,Electronics,913,94,"Sufficient Stock"
124,Product_124,Sports,914,68,"Sufficient Stock"
441,Product_441,"Office Supplies",914,109,"Sufficient Stock"
455,Product_455,Health,915,191,"Sufficient Stock"
125,Product_125,"Office Supplies",915,195,"Sufficient Stock"
622,Product_622,Toys,916,64,"Sufficient Stock"
416,Product_416,Health,917,195,"Sufficient Stock"
805,Product_805,Health,918,135,"Sufficient Stock"
213,Product_213,Books,918,80,"Sufficient Stock"
133,Product_133,Toys,919,193,"Sufficient Stock"
968,Product_968,"Home & Kitchen",919,74,"Sufficient Stock"
852,Product_852,Sports,920,174,"Sufficient Stock"
894,Product_894,Books,920,137,"Sufficient Stock"
350,Product_350,Electronics,922,133,"Sufficient Stock"
607,Product_607,Health,922,94,"Sufficient Stock"
282,Product_282,Electronics,923,178,"Sufficient Stock"
808,Product_808,"Home & Kitchen",923,168,"Sufficient Stock"
758,Product_758,Electronics,924,164,"Sufficient Stock"
742,Product_742,"Office Supplies",924,155,"Sufficient Stock"
1125,Product_1125,Electronics,924,112,"Sufficient Stock"
384,Product_384,"Office Supplies",925,176,"Sufficient Stock"
502,Product_502,Sports,926,133,"Sufficient Stock"
128,Product_128,"Home & Kitchen",927,137,"Sufficient Stock"
1071,Product_1071,Clothing,928,127,"Sufficient Stock"
648,Product_648,Clothing,928,103,"Sufficient Stock"
94,Product_94,"Office Supplies",929,186,"Sufficient Stock"
951,Product_951,Toys,929,154,"Sufficient Stock"
438,Product_438,Sports,931,177,"Sufficient Stock"
149,Product_149,Books,932,70,"Sufficient Stock"
11,Product_11,"Home & Kitchen",934,160,"Sufficient Stock"
738,Product_738,"Office Supplies",934,198,"Sufficient Stock"
711,Product_711,Sports,935,166,"Sufficient Stock"
1192,Product_1192,Sports,936,50,"Sufficient Stock"
297,Product_297,"Home & Kitchen",936,112,"Sufficient Stock"
836,Product_836,Books,937,72,"Sufficient Stock"
1036,Product_1036,Electronics,937,158,"Sufficient Stock"
858,Product_858,"Home & Kitchen",938,62,"Sufficient Stock"
734,Product_734,Sports,939,142,"Sufficient Stock"
649,Product_649,Clothing,940,111,"Sufficient Stock"
725,Product_725,Clothing,940,192,"Sufficient Stock"
358,Product_358,"Office Supplies",941,162,"Sufficient Stock"
994,Product_994,Electronics,941,87,"Sufficient Stock"
832,Product_832,Toys,941,81,"Sufficient Stock"
399,Product_399,Health,941,83,"Sufficient Stock"
845,Product_845,Sports,942,133,"Sufficient Stock"
996,Product_996,"Home & Kitchen",943,181,"Sufficient Stock"
971,Product_971,Health,945,58,"Sufficient Stock"
